{
    "avg_prec": 0.5446455361987377,
    "roc_auc": 0.9073012232415901
}