{
    "avg_prec": 0.5095049436289563,
    "roc_auc": 0.8859859379993608
}