{
    "avg_prec": 0.8902048165153889,
    "roc_auc": 0.9732761970540218
}