{
    "avg_prec": 0.527651012105245,
    "roc_auc": 0.9151856763925729
}