{
    "avg_prec": 0.4738029774473962,
    "roc_auc": 0.8850522641437455
}